{
  "bot_version": "2.0.0",
  "last_backup": 1694448000,
  "maintenance_mode": false,
  "max_file_size_mb": 20,
  "max_stickers_per_day_free": 5,
  "default_language": "fa",
  "auto_backup_enabled": true,
  "backup_interval_hours": 24,
  "keep_backups_days": 7,
  "image_quality_settings": {
    "small_file_quality": 90,
    "medium_file_quality": 85,
    "large_file_quality": 75
  },
  "file_size_thresholds": {
    "small_mb": 2,
    "medium_mb": 5,
    "large_mb": 10
  },
  "compression_settings": {
    "max_image_size": 2048,
    "sticker_size": 512,
    "png_compress_level": 9,
    "webp_quality": 85
  },
  "admin_settings": {
    "admin_id": 6053579919,
    "support_username": "@onedaytoalive",
    "broadcast_enabled": true,
    "stats_enabled": true
  },
  "subscription_plans": {
    "1month": {
      "price": 100,
      "days": 30,
      "title": "یک ماهه"
    },
    "3months": {
      "price": 250,
      "days": 90,
      "title": "سه ماهه"
    },
    "12months": {
      "price": 350,
      "days": 365,
      "title": "یک ساله"
    }
  },
  "payment_info": {
    "card_number": "1234-5678-9012-3456",
    "card_name": "نام صاحب کارت"
  },
  "channel_settings": {
    "required_channel": "@YourChannel",
    "membership_required": true
  },
  "feature_flags": {
    "premium_features_enabled": true,
    "feedback_system_enabled": true,
    "template_system_enabled": true,
    "advanced_design_enabled": true
  },
  "limits": {
    "max_pack_name_length": 64,
    "max_text_length": 200,
    "max_packs_per_user": 50,
    "max_stickers_per_pack": 120
  },
  "performance": {
    "request_timeout": 30,
    "image_processing_timeout": 60,
    "ffmpeg_timeout": 120,
    "max_concurrent_users": 100
  }
}