{
  "example_user_123": {
    "mode": null,
    "count": 0,
    "step": null,
    "pack_name": null,
    "background": null,
    "created_packs": [],
    "sticker_usage": [],
    "last_reset": 1694434800,
    "lang": "fa",
    "text_color": null,
    "font_style": null,
    "text_size": null,
    "text_position": null,
    "text_effect": null,
    "background_style": null,
    "ai_sticker_usage": []
  },
  "6053579919": {
    "mode": null,
    "count": 0,
    "step": null,
    "pack_name": null,
    "background": null,
    "created_packs": [],
    "sticker_usage": [],
    "last_reset": 1758282570.7625937,
    "ai_mode": false,
    "ai_sticker_usage": []
  },
  "123456": {
    "mode": null,
    "count": 0,
    "step": null,
    "pack_name": null,
    "background": null,
    "created_packs": [],
    "sticker_usage": [],
    "last_reset": 1758282908.602993,
    "ai_mode": false
  }
}